{"IcoMoonType":"selection","icons":[{"icon":{"paths":["M256 307.2l512-0-256 460.8-256-460.8z"],"attrs":[],"isMulticolor":false,"isMulticolor2":false,"tags":["triangle-down"],"grid":20},"attrs":[],"properties":{"id":81,"order":3,"prevSize":20,"code":59648,"name":"triangle-down"},"setIdx":0,"setId":3,"iconIdx":80}],"height":1024,"metadata":{"name":"icomoon"},"preferences":{"showGlyphs":true,"showQuickUse":true,"showQuickUse2":true,"showSVGs":true,"fontPref":{"prefix":"icon-","metadata":{"fontFamily":"icomoon"},"metrics":{"emSize":1024,"baseline":6.25,"whitespace":50},"embed":false},"imagePref":{"prefix":"icon-","png":true,"useClassSelector":true,"color":0,"bgColor":16777215,"classSelector":".icon"},"historySize":50,"showCodes":true,"gridSize":16}}